job_title,agency,years_experience,annual_salary
Social Worker,Department of Education,30,93643.55
Community Liaison,Health Department,26,80059.28
HR Specialist,Public Works,10,71245.7
Project Manager,Department of Housing,37,133949.69
IT Specialist,Department of Finance,4,88856.09
Social Worker,City Council,7,64246.56
Inspector,Office of the Mayor,33,100309.25
Project Manager,Department of Education,11,100010.95
Project Manager,Department of Education,37,130902.99
Data Analyst,City Council,0,78054.12
IT Specialist,Department of Housing,30,111720.86
Engineer,Department of Aging,3,90944.09
Firefighter,Health Department,4,64260.06
Urban Planner,Fire Department,29,109726.03
Public Health Nurse,Department of Social Services,23,91942.7
Firefighter,Office of the Mayor,2,63218.59
Police Officer,Department of Recreation,10,73442.42
Urban Planner,Department of Housing,3,71634.13
Urban Planner,Fire Department,25,106625.53
Correctional Officer,Office of the Mayor,26,94123.48
Administrative Officer,Department of Social Services,26,89588.42
Librarian,Environmental Control Board,5,60045.07
HR Specialist,Human Resources,14,80557.64
HR Specialist,Environmental Control Board,29,102217.67
Inspector,IT Department,36,106871.56
Urban Planner,Fire Department,36,118610.47
Community Liaison,Office of the Mayor,36,89646.92
Engineer,Department of Transportation,34,124301.85
Budget Analyst,Planning Department,22,103508.09
Inspector,Public Works,5,65775.77
Social Worker,Department of Housing,3,48625.73
Sanitation Worker,Department of Education,17,63993.23
Social Worker,Human Resources,8,63326.65
Traffic Engineer,Fire Department,28,112707.48
Data Analyst,Baltimore City Courts,12,91580.63
Financial Analyst,Department of Finance,16,104363.29
Traffic Engineer,Health Department,31,111621.51
Sanitation Worker,Health Department,21,67307.12
Firefighter,Department of Aging,3,64125.32
Community Liaison,Health Department,4,55834.84
HR Specialist,Environmental Control Board,36,108985.85
Social Worker,Department of Recreation,12,65634.68
Urban Planner,Environmental Control Board,33,113546.41
IT Specialist,Department of Education,21,113254.02
HR Specialist,Police Department,22,87700.19
Engineer,Department of Aging,2,89382.17
Financial Analyst,Department of Aging,33,115309.97
Correctional Officer,Department of Social Services,31,97791.38
Data Analyst,Baltimore City Courts,20,99323.02
Traffic Engineer,Department of Recreation,20,101206.26
IT Specialist,Health Department,10,88125.42
Data Analyst,Department of Transportation,38,124472.56
Firefighter,Department of Recreation,3,62874.05
Public Health Nurse,Department of Housing,0,67854.86
Administrative Officer,City Council,27,88725.96
Data Analyst,Police Department,23,104308.84
Traffic Engineer,Public Works,34,117941.14
Urban Planner,Baltimore City Courts,12,88827.48
Firefighter,Baltimore City Courts,33,101802.48
Administrative Officer,City Council,10,68335.26
Data Analyst,Fire Department,35,118949.94
Financial Analyst,Department of Social Services,16,98211.85
Librarian,Fire Department,34,91203.06
HR Specialist,Health Department,17,88985.42
IT Specialist,Environmental Control Board,39,127148.52
Financial Analyst,Department of Transportation,21,104665.3
IT Specialist,Office of the Mayor,23,108804.68
Librarian,Human Resources,18,75004.95
Legal Counsel,Department of Housing,36,139760.0
Traffic Engineer,Baltimore City Courts,38,118666.49
HR Specialist,City Council,20,86952.83
Legal Counsel,Fire Department,7,101369.51
Sanitation Worker,Baltimore City Courts,27,79318.06
HR Specialist,Department of Social Services,4,71416.76
Legal Counsel,City Council,16,115088.55
Police Officer,Department of Transportation,36,109325.65
Social Worker,Environmental Control Board,35,101062.06
Sanitation Worker,Department of Recreation,18,71666.67
Police Officer,Baltimore City Courts,26,95774.6
Urban Planner,Planning Department,33,111048.34
IT Specialist,Department of Finance,10,89856.36
Project Manager,Public Works,11,102414.88
Inspector,Department of Finance,20,86487.39
Correctional Officer,Department of Transportation,10,69918.0
IT Specialist,Police Department,38,123631.41
Engineer,Public Works,27,115201.32
Engineer,Baltimore City Courts,4,89591.27
Police Officer,Fire Department,16,86869.96
Budget Analyst,Department of Transportation,19,99573.06
Administrative Officer,Environmental Control Board,11,67582.69
Social Worker,Department of Recreation,5,60865.77
Sanitation Worker,Department of Aging,16,63558.17
Social Worker,Baltimore City Courts,18,82417.58
Sanitation Worker,Department of Recreation,25,73796.99
IT Specialist,Planning Department,31,120714.99
Urban Planner,IT Department,5,79903.99
Firefighter,Department of Social Services,35,102201.9
Police Officer,Environmental Control Board,37,106069.99
Librarian,IT Department,10,71230.15
Budget Analyst,Baltimore City Courts,32,111064.47
Engineer,Department of Social Services,23,112663.84
Urban Planner,Department of Aging,22,104060.2
IT Specialist,Department of Housing,14,94847.5
Engineer,Department of Transportation,26,116205.54
Police Officer,Department of Recreation,10,77169.01
Engineer,Department of Transportation,16,102663.56
Budget Analyst,Department of Social Services,13,91198.91
HR Specialist,Baltimore City Courts,26,95544.04
Financial Analyst,Department of Social Services,17,97740.6
Engineer,Department of Housing,27,116495.51
Police Officer,Environmental Control Board,3,69347.54
Budget Analyst,Department of Recreation,6,76519.52
Financial Analyst,Health Department,34,120356.22
Social Worker,Human Resources,8,62961.22
Sanitation Worker,Public Works,7,60063.71
HR Specialist,Planning Department,16,82738.53
HR Specialist,Fire Department,16,88487.35
Administrative Officer,IT Department,32,91555.15
Legal Counsel,City Council,31,133175.04
Inspector,Office of the Mayor,7,67061.27
Social Worker,Environmental Control Board,18,78862.25
Correctional Officer,IT Department,37,99045.18
Community Liaison,Department of Aging,2,54628.58
Data Analyst,Department of Aging,4,83141.61
Budget Analyst,Department of Social Services,12,84480.02
Social Worker,Baltimore City Courts,30,90501.34
Legal Counsel,Public Works,15,117601.56
HR Specialist,City Council,31,102613.53
Project Manager,Office of the Mayor,21,113091.82
Data Analyst,Police Department,28,107985.92
Legal Counsel,Public Works,21,121716.21
Social Worker,Human Resources,2,57987.54
Inspector,IT Department,9,72885.06
Firefighter,City Council,20,81613.33
Administrative Officer,Human Resources,15,69483.22
Legal Counsel,Environmental Control Board,11,111640.64
Public Health Nurse,Department of Recreation,1,72194.02
Urban Planner,Department of Social Services,23,104200.2
Urban Planner,Baltimore City Courts,34,112911.94
Community Liaison,Planning Department,29,81857.04
Project Manager,Police Department,29,127773.78
Social Worker,Department of Education,34,98915.13
Police Officer,IT Department,18,83335.04
Police Officer,Department of Aging,7,69561.89
Community Liaison,Police Department,25,79674.22
Legal Counsel,Fire Department,39,139401.95
Sanitation Worker,Police Department,6,52739.47
Engineer,Police Department,29,116045.87
Social Worker,Human Resources,6,60794.7
Public Health Nurse,Office of the Mayor,2,68935.92
IT Specialist,Police Department,0,76713.8
Sanitation Worker,Office of the Mayor,35,90895.18
Budget Analyst,Department of Housing,24,100634.41
Police Officer,Fire Department,36,109654.64
Inspector,Public Works,0,55052.9
Administrative Officer,Department of Housing,14,71829.64
Urban Planner,Department of Social Services,36,124426.91
HR Specialist,Department of Aging,12,78283.18
Sanitation Worker,Baltimore City Courts,39,97274.25
Community Liaison,Fire Department,7,60848.02
Correctional Officer,Department of Education,4,65395.6
Correctional Officer,Department of Recreation,8,68099.99
Community Liaison,Environmental Control Board,0,51698.26
Urban Planner,IT Department,35,119097.04
Social Worker,City Council,34,97706.34
Firefighter,Department of Transportation,1,59847.75
Engineer,Public Works,39,126677.85
Correctional Officer,Human Resources,22,79739.25
Budget Analyst,Public Works,8,80789.52
Correctional Officer,Human Resources,33,99381.78
Correctional Officer,Department of Housing,13,70286.77
Correctional Officer,Human Resources,3,64371.91
Firefighter,Department of Aging,29,95293.17
Firefighter,Department of Recreation,30,96521.73
Budget Analyst,IT Department,37,113891.68
Police Officer,IT Department,10,71345.64
Police Officer,Department of Aging,34,106487.94
Inspector,Baltimore City Courts,7,73538.0
Firefighter,Department of Housing,2,64212.01
Urban Planner,City Council,13,85048.11
Public Health Nurse,Planning Department,12,86741.03
Data Analyst,Health Department,31,110325.61
Project Manager,Public Works,33,125972.9
Correctional Officer,Department of Transportation,18,78884.99
Public Health Nurse,Human Resources,37,114768.53
Budget Analyst,Department of Education,15,86974.01
Community Liaison,Department of Social Services,1,50368.05
Firefighter,City Council,39,110945.49
Public Health Nurse,Department of Aging,16,91756.54
Project Manager,Department of Recreation,33,133354.37
Librarian,Department of Recreation,15,75728.26
Librarian,Office of the Mayor,37,98829.67
Police Officer,Office of the Mayor,1,65549.79
Sanitation Worker,Department of Social Services,1,51777.94
Public Health Nurse,Health Department,25,101400.15
Librarian,Office of the Mayor,12,67919.1
Engineer,IT Department,30,121531.66
Community Liaison,Department of Recreation,33,86863.84
Data Analyst,Department of Aging,38,120515.71
Inspector,Public Works,2,62108.65
Engineer,Department of Aging,7,93846.73
Inspector,Department of Finance,22,84361.68
Community Liaison,Human Resources,13,66870.03
Social Worker,Department of Transportation,26,92442.3
Community Liaison,Department of Education,28,78367.01
Sanitation Worker,Department of Transportation,38,95346.73
Police Officer,Baltimore City Courts,38,110402.08
IT Specialist,Police Department,0,81351.97
Social Worker,Department of Housing,16,72907.86
Traffic Engineer,Department of Recreation,29,110361.82
IT Specialist,Environmental Control Board,12,94788.5
Police Officer,Department of Finance,20,88095.1
Project Manager,Health Department,18,107038.38
Traffic Engineer,Department of Recreation,18,96898.25
Administrative Officer,Department of Aging,24,79550.7
Engineer,Environmental Control Board,21,112159.58
Social Worker,Human Resources,30,85403.36
Librarian,Health Department,16,74285.96
Librarian,Fire Department,22,79688.69
Community Liaison,Health Department,31,88500.17
Correctional Officer,Fire Department,9,62307.07
Firefighter,Baltimore City Courts,9,71814.2
Police Officer,Fire Department,35,110460.69
Librarian,Health Department,7,58844.18
Urban Planner,Public Works,19,94565.81
Budget Analyst,Department of Housing,31,107289.99
Budget Analyst,Department of Education,13,87395.17
Sanitation Worker,Department of Recreation,27,77845.89
Sanitation Worker,Department of Transportation,23,79301.45
Engineer,Office of the Mayor,14,101606.0
Inspector,Department of Aging,21,83533.29
Librarian,IT Department,29,82895.97
Librarian,Baltimore City Courts,3,57053.34
Engineer,Police Department,12,100785.0
Community Liaison,Department of Transportation,22,74023.37
Police Officer,IT Department,7,66691.01
Community Liaison,Health Department,17,71632.29
Project Manager,Planning Department,11,102639.59
Correctional Officer,Department of Education,30,95008.21
IT Specialist,Department of Recreation,13,101471.52
Data Analyst,Department of Social Services,33,117519.5
Public Health Nurse,Department of Social Services,17,88858.48
IT Specialist,Fire Department,33,116158.03
Community Liaison,Department of Finance,10,61062.73
Engineer,Department of Finance,11,98681.73
Librarian,Public Works,14,68959.92
Engineer,Office of the Mayor,30,126170.4
Traffic Engineer,Human Resources,28,111097.26
Financial Analyst,Baltimore City Courts,25,111595.6
Traffic Engineer,Department of Social Services,17,94280.32
Firefighter,Department of Housing,31,100000.02
Engineer,Fire Department,21,107478.98
Librarian,Department of Housing,37,96939.49
Sanitation Worker,Public Works,16,68662.24
Data Analyst,Environmental Control Board,22,103750.64
Police Officer,Fire Department,23,90709.14
Data Analyst,Department of Transportation,7,79844.11
Police Officer,Department of Finance,5,74431.51
Financial Analyst,Department of Finance,4,88009.9
Librarian,Police Department,28,86882.85
Community Liaison,IT Department,27,77715.94
IT Specialist,Department of Recreation,10,96139.52
Social Worker,Health Department,0,53604.35
Engineer,Office of the Mayor,18,105733.61
Correctional Officer,Baltimore City Courts,8,64392.14
Police Officer,City Council,26,90839.16
Librarian,Department of Education,33,95072.04
Urban Planner,Department of Transportation,3,82459.79
Inspector,Department of Social Services,35,101503.42
Financial Analyst,Planning Department,17,100361.85
Public Health Nurse,Department of Education,14,85668.87
Public Health Nurse,Department of Education,12,83351.16
Legal Counsel,Department of Recreation,18,113000.42
Inspector,Human Resources,5,65123.23
IT Specialist,Police Department,11,93659.31
Firefighter,Department of Finance,36,108254.47
Police Officer,IT Department,16,84242.73
HR Specialist,City Council,22,86670.94
Police Officer,Department of Recreation,25,96060.64
Budget Analyst,Police Department,28,104832.21
Librarian,City Council,32,94511.23
Inspector,Department of Finance,26,95488.37
Data Analyst,Baltimore City Courts,24,111193.36
Engineer,Department of Finance,9,94115.24
Correctional Officer,Department of Recreation,22,90369.57
Correctional Officer,Department of Finance,20,83052.83
Urban Planner,Environmental Control Board,20,103879.14
Financial Analyst,Environmental Control Board,12,94892.14
Public Health Nurse,Department of Recreation,36,112304.21
Engineer,Baltimore City Courts,32,124222.08
Sanitation Worker,Baltimore City Courts,23,76055.63
Budget Analyst,Public Works,10,87764.44
Correctional Officer,Department of Recreation,16,76503.61
Financial Analyst,Department of Aging,3,89093.84
Engineer,Department of Social Services,24,115996.7
Police Officer,Fire Department,29,99159.82
Community Liaison,Human Resources,8,61564.03
Police Officer,Department of Finance,20,87580.2
Engineer,Police Department,19,114850.62
Traffic Engineer,Department of Transportation,18,89607.0
Administrative Officer,Public Works,18,78618.83
Engineer,Department of Finance,11,92906.21
IT Specialist,Department of Finance,36,122523.03
Financial Analyst,Police Department,16,100943.18
Traffic Engineer,Environmental Control Board,36,123722.9
HR Specialist,Department of Social Services,38,108523.54
Firefighter,Department of Recreation,27,98324.04
Administrative Officer,Department of Education,34,92263.55
Firefighter,Department of Aging,17,86440.01
Correctional Officer,City Council,13,72176.96
IT Specialist,Fire Department,34,121020.3
Police Officer,Department of Aging,6,71190.86
Sanitation Worker,Department of Housing,12,66247.09
Project Manager,Baltimore City Courts,17,113663.22
Librarian,City Council,36,96530.51
Social Worker,Department of Aging,12,65944.39
Administrative Officer,Department of Recreation,35,94854.93
Engineer,Public Works,30,117914.27
Traffic Engineer,Office of the Mayor,1,70455.57
Legal Counsel,Planning Department,15,116783.95
Social Worker,Department of Aging,8,63616.53
Data Analyst,Department of Education,8,86584.52
Legal Counsel,IT Department,37,143888.31
Community Liaison,Department of Aging,10,60572.03
Police Officer,Police Department,21,87678.59
IT Specialist,IT Department,32,117725.76
Financial Analyst,Public Works,35,120601.99
Librarian,Department of Finance,22,79433.07
Financial Analyst,Baltimore City Courts,33,120479.01
Urban Planner,Baltimore City Courts,8,83078.19
Inspector,Fire Department,23,85818.29
HR Specialist,Police Department,7,73081.34
Firefighter,City Council,6,69450.44
Firefighter,Department of Education,35,102440.07
Inspector,Department of Aging,17,79323.7
Correctional Officer,Department of Aging,2,60155.43
Community Liaison,Environmental Control Board,27,81852.75
Administrative Officer,IT Department,5,61093.23
Public Health Nurse,Baltimore City Courts,20,91969.99
HR Specialist,IT Department,27,100413.78
Project Manager,Environmental Control Board,39,137090.48
Budget Analyst,Department of Recreation,0,70488.46
Police Officer,IT Department,35,108033.15
IT Specialist,Department of Social Services,20,103776.89
Urban Planner,Health Department,34,110598.52
Urban Planner,Police Department,12,90422.86
Budget Analyst,Police Department,9,79741.48
Social Worker,Planning Department,9,68603.28
Data Analyst,Department of Social Services,12,91674.75
Public Health Nurse,Planning Department,36,115540.21
Legal Counsel,Department of Finance,37,137509.34
Community Liaison,Human Resources,23,77809.79
HR Specialist,Fire Department,1,69830.73
Engineer,Department of Aging,21,109392.95
IT Specialist,Public Works,16,97427.55
Community Liaison,Human Resources,35,93965.12
Librarian,Police Department,13,69506.98
Legal Counsel,Human Resources,9,104153.75
Traffic Engineer,Planning Department,34,110843.62
Administrative Officer,Office of the Mayor,24,81969.93
Inspector,Human Resources,2,64432.08
Correctional Officer,Office of the Mayor,37,100074.9
Inspector,Human Resources,16,79167.19
Budget Analyst,City Council,11,83227.55
Sanitation Worker,Health Department,23,69803.5
Urban Planner,Fire Department,28,106573.56
Police Officer,Public Works,24,95819.4
Police Officer,Department of Social Services,35,99889.24
HR Specialist,Health Department,25,95756.5
Firefighter,Public Works,37,102841.79
Librarian,Public Works,0,53825.33
IT Specialist,Fire Department,19,104942.96
Legal Counsel,Department of Aging,27,126884.16
Police Officer,Office of the Mayor,15,82491.0
Librarian,Human Resources,16,68780.91
Social Worker,Office of the Mayor,39,97763.25
Budget Analyst,City Council,27,109494.28
Engineer,Police Department,11,95604.79
Urban Planner,Department of Housing,26,110903.39
Librarian,Baltimore City Courts,29,84221.5
Inspector,Police Department,33,101175.57
Budget Analyst,Department of Recreation,36,111786.58
Financial Analyst,Department of Housing,5,89570.19
Budget Analyst,Baltimore City Courts,6,78223.24
HR Specialist,Police Department,31,101262.45
Correctional Officer,Environmental Control Board,31,97030.07
Financial Analyst,Environmental Control Board,24,109392.58
Community Liaison,Department of Transportation,32,84115.55
Budget Analyst,Department of Recreation,6,81483.92
Urban Planner,Public Works,11,84762.3
Librarian,City Council,15,71549.55
Librarian,Department of Transportation,15,72918.99
Social Worker,IT Department,35,95873.52
Data Analyst,Department of Social Services,12,95947.06
Police Officer,Department of Social Services,6,73645.35
Budget Analyst,Department of Education,35,111912.42
Administrative Officer,Fire Department,8,68804.29
Budget Analyst,Department of Social Services,31,105774.98
Data Analyst,Human Resources,10,88869.9
Firefighter,Department of Transportation,7,69781.06
Community Liaison,IT Department,32,90215.67
Administrative Officer,Planning Department,22,84746.3
Inspector,Fire Department,24,91958.37
Police Officer,Public Works,7,74071.24
Budget Analyst,Department of Recreation,21,96359.19
Legal Counsel,Department of Finance,3,93122.05
Data Analyst,Fire Department,39,120857.56
Librarian,Planning Department,2,59699.97
Librarian,Department of Finance,28,80091.78
Firefighter,Baltimore City Courts,28,93246.53
Correctional Officer,Department of Recreation,33,101033.82
Community Liaison,Health Department,33,90229.14
Urban Planner,Baltimore City Courts,27,110184.14
Traffic Engineer,City Council,12,92028.49
Engineer,Planning Department,14,106208.75
Police Officer,Public Works,22,92286.28
Police Officer,Department of Social Services,25,96990.34
Inspector,Department of Aging,3,61427.26
Project Manager,Department of Recreation,25,121759.0
Budget Analyst,City Council,39,117611.62
Urban Planner,Office of the Mayor,8,83240.68
Engineer,City Council,4,92484.17
Police Officer,Planning Department,31,104904.87
Police Officer,Baltimore City Courts,19,92865.33
IT Specialist,Baltimore City Courts,10,96869.79
Administrative Officer,Health Department,14,74551.95
Project Manager,City Council,31,122038.66
Urban Planner,Baltimore City Courts,27,112883.04
Legal Counsel,Health Department,21,122953.9
Urban Planner,Office of the Mayor,16,91902.42
Financial Analyst,Fire Department,25,114186.73
Firefighter,Department of Social Services,6,66088.2
Inspector,Health Department,25,91855.89
Traffic Engineer,Planning Department,24,100851.19
Engineer,Department of Social Services,9,93375.34
Correctional Officer,Baltimore City Courts,18,81729.79
IT Specialist,Department of Transportation,10,95218.66
Administrative Officer,IT Department,12,70376.31
Firefighter,Planning Department,7,69541.49
Inspector,Department of Education,39,100455.4
Sanitation Worker,Health Department,3,50972.94
Social Worker,Department of Aging,30,92600.46
Data Analyst,Fire Department,27,109449.7
Traffic Engineer,Environmental Control Board,10,87932.27
Legal Counsel,Office of the Mayor,0,94443.15
Project Manager,Health Department,37,133434.88
Data Analyst,City Council,23,105827.63
Data Analyst,Department of Housing,30,113181.92
Administrative Officer,Department of Recreation,25,89329.87
Budget Analyst,Department of Education,4,70180.74
Sanitation Worker,Department of Housing,19,69162.47
Engineer,Office of the Mayor,10,94389.23
Correctional Officer,Department of Housing,32,97057.33
Engineer,Environmental Control Board,37,129631.43
Librarian,Department of Education,26,88066.58
Data Analyst,Department of Education,33,123453.43
Traffic Engineer,Health Department,14,90480.75
Correctional Officer,Health Department,31,95201.5
Social Worker,Department of Housing,20,79588.91
Budget Analyst,Police Department,4,74406.56
Urban Planner,Department of Recreation,5,82885.15
Correctional Officer,Office of the Mayor,37,101681.48
Legal Counsel,Department of Education,21,116997.1
Engineer,Baltimore City Courts,17,104561.3
Sanitation Worker,Office of the Mayor,13,60606.98
Correctional Officer,Human Resources,9,71909.94
Correctional Officer,Human Resources,12,78104.68
Community Liaison,Baltimore City Courts,30,86734.46
Librarian,Department of Education,29,87133.83
Legal Counsel,Department of Education,2,97857.3
Inspector,IT Department,29,98346.7
Correctional Officer,Planning Department,5,67482.1
Data Analyst,Environmental Control Board,28,111253.04
Urban Planner,Department of Finance,7,84157.77
Sanitation Worker,Health Department,32,88357.94
Inspector,Department of Aging,16,75786.94
Urban Planner,Health Department,10,90637.82
Sanitation Worker,Department of Housing,12,67604.5
Social Worker,Department of Education,10,70495.1
Financial Analyst,Department of Aging,30,114263.22
Community Liaison,Health Department,27,76490.0
Inspector,Department of Education,5,68126.16
HR Specialist,Police Department,15,80719.43
Librarian,Department of Aging,3,56461.4
Budget Analyst,Department of Finance,34,117405.45
Engineer,Baltimore City Courts,25,113029.13
Urban Planner,Environmental Control Board,11,87067.34
Community Liaison,Department of Transportation,10,62830.17
Data Analyst,Department of Recreation,36,117307.47
Librarian,Fire Department,24,78526.43
Social Worker,Police Department,17,75474.57
Legal Counsel,Environmental Control Board,18,115698.64
Administrative Officer,Planning Department,22,83225.22
Social Worker,Department of Finance,37,107697.94
Financial Analyst,Baltimore City Courts,17,102697.42
Budget Analyst,Department of Transportation,25,99474.86
Engineer,Department of Housing,5,95254.72
Project Manager,City Council,3,88833.54
Project Manager,Department of Education,28,119433.28
Traffic Engineer,Human Resources,33,113814.69
HR Specialist,Department of Social Services,16,83351.34
Urban Planner,Office of the Mayor,15,91142.78
Sanitation Worker,Fire Department,1,49105.46
Administrative Officer,Department of Transportation,33,95424.23
Urban Planner,Department of Housing,7,86606.88
Correctional Officer,Department of Aging,12,72673.56
Public Health Nurse,Department of Transportation,7,76714.16
Social Worker,Department of Education,29,92843.94
Financial Analyst,Department of Housing,31,116746.85
Legal Counsel,Human Resources,35,132102.19
IT Specialist,Environmental Control Board,29,118417.87
Administrative Officer,City Council,0,58425.56
Sanitation Worker,Department of Housing,38,91223.1
Traffic Engineer,Department of Social Services,16,94002.7
Firefighter,Health Department,19,82049.22
Budget Analyst,Public Works,23,100579.87
Budget Analyst,Department of Education,21,102396.15
Public Health Nurse,Department of Housing,28,105708.65
Inspector,Office of the Mayor,21,88307.17
IT Specialist,Department of Social Services,8,92059.18
Librarian,Health Department,36,95199.64
Legal Counsel,IT Department,9,109050.02
Police Officer,Department of Finance,35,109235.09
Community Liaison,Police Department,36,97518.34
Correctional Officer,Health Department,27,89021.35
Social Worker,Department of Transportation,27,82185.67
Legal Counsel,Human Resources,20,122135.75
Data Analyst,IT Department,23,106649.31
Data Analyst,Police Department,39,123911.86
Public Health Nurse,Public Works,1,70479.54
Inspector,Human Resources,7,76064.06
Urban Planner,Department of Housing,26,104273.42
Social Worker,Health Department,21,77640.09
Administrative Officer,Office of the Mayor,36,98455.85
Inspector,Environmental Control Board,26,94741.47
Social Worker,Fire Department,28,95435.21
Engineer,Department of Finance,2,89372.09
Legal Counsel,Department of Recreation,12,105588.77
Legal Counsel,IT Department,9,111712.59
Traffic Engineer,Public Works,35,117941.59
Community Liaison,IT Department,8,57086.87
IT Specialist,Department of Aging,26,107961.82
Sanitation Worker,Department of Transportation,33,90108.99
Social Worker,Department of Recreation,0,55716.49
Police Officer,Department of Transportation,31,103235.23
Engineer,Public Works,24,117659.51
Legal Counsel,Fire Department,28,126193.54
Correctional Officer,Department of Recreation,6,69298.46
Police Officer,Fire Department,2,65842.53
Public Health Nurse,Public Works,19,99292.02
Public Health Nurse,Environmental Control Board,19,94596.22
Urban Planner,Department of Transportation,29,107039.28
Legal Counsel,Fire Department,34,129723.75
Legal Counsel,IT Department,34,138226.77
HR Specialist,Department of Recreation,38,109477.46
Librarian,Health Department,26,82733.3
Project Manager,Department of Finance,25,122298.59
Budget Analyst,Office of the Mayor,13,90631.24
Data Analyst,Baltimore City Courts,16,100871.13
Engineer,Planning Department,17,101875.48
Inspector,Department of Education,28,97877.68
Community Liaison,Planning Department,19,71062.86
Traffic Engineer,Department of Recreation,26,100431.25
HR Specialist,Environmental Control Board,17,81864.68
Sanitation Worker,Planning Department,3,52254.08
Correctional Officer,Department of Recreation,0,55063.56
Financial Analyst,IT Department,0,81735.87
HR Specialist,Department of Transportation,25,96014.76
Police Officer,Planning Department,19,87255.84
Engineer,Office of the Mayor,22,109916.94
Librarian,IT Department,9,59047.91
Project Manager,Department of Finance,10,102065.83
Urban Planner,IT Department,4,73605.13
Administrative Officer,Department of Recreation,0,52942.01
Librarian,Police Department,16,68416.65
IT Specialist,Public Works,21,104481.87
Public Health Nurse,Department of Aging,33,108960.01
Urban Planner,IT Department,28,111479.87
IT Specialist,Department of Housing,3,88350.43
Data Analyst,Police Department,4,79446.66
IT Specialist,Planning Department,10,97978.5
Traffic Engineer,Department of Recreation,20,97662.11
Budget Analyst,Public Works,34,113317.58
Sanitation Worker,Fire Department,11,62732.59
Data Analyst,Department of Social Services,25,115333.75
Correctional Officer,Health Department,18,77973.15
Sanitation Worker,Police Department,6,49809.79
Police Officer,Department of Aging,6,76671.14
Community Liaison,Office of the Mayor,25,77499.88
Legal Counsel,Fire Department,39,140715.23
Librarian,Human Resources,4,53446.75
Legal Counsel,Fire Department,20,117923.89
Financial Analyst,Human Resources,13,95078.83
Engineer,Police Department,3,90629.33
Public Health Nurse,City Council,22,96642.37
Traffic Engineer,Department of Transportation,19,96756.83
Inspector,Health Department,14,79787.62
Budget Analyst,Department of Aging,28,106364.99
HR Specialist,Public Works,7,67861.86
Firefighter,Department of Transportation,18,86359.11
Administrative Officer,City Council,38,101154.6
Traffic Engineer,Baltimore City Courts,27,112572.2
Legal Counsel,Department of Finance,26,126571.75
Budget Analyst,Department of Education,3,73224.87
Police Officer,Department of Recreation,14,81187.11
Police Officer,Baltimore City Courts,34,108211.76
Traffic Engineer,Environmental Control Board,36,116887.79
HR Specialist,Department of Education,0,63679.11
Correctional Officer,Public Works,2,59734.93
Project Manager,Department of Aging,23,114151.89
Correctional Officer,Office of the Mayor,26,86931.03
Legal Counsel,Department of Transportation,39,142317.65
Police Officer,Department of Education,35,110607.43
Firefighter,Department of Social Services,33,102551.44
Sanitation Worker,Public Works,28,81462.42
Engineer,Department of Transportation,23,110106.19
Police Officer,Planning Department,23,95885.48
Librarian,Department of Housing,3,56900.52
Public Health Nurse,Department of Social Services,2,70279.81
Correctional Officer,Human Resources,33,100295.95
Budget Analyst,Baltimore City Courts,22,100078.73
Budget Analyst,Department of Transportation,22,95959.41
Public Health Nurse,Fire Department,4,74495.87
Engineer,Fire Department,30,119521.68
Budget Analyst,Department of Transportation,5,85900.61
Budget Analyst,Department of Aging,36,116795.23
Administrative Officer,Department of Social Services,9,66360.29
Administrative Officer,Department of Aging,39,103217.99
Inspector,Department of Education,6,71337.49
Correctional Officer,Fire Department,38,103349.86
Financial Analyst,Police Department,37,124630.27
Sanitation Worker,Health Department,20,74532.85
Financial Analyst,Department of Social Services,19,104275.17
Police Officer,Police Department,2,64190.31
Inspector,Department of Social Services,21,81405.94
Legal Counsel,Planning Department,3,103187.89
Legal Counsel,Department of Social Services,27,127794.93
Data Analyst,Department of Transportation,11,89431.3
Police Officer,Department of Transportation,37,108697.0
Correctional Officer,Human Resources,35,102422.33
IT Specialist,Public Works,4,83919.78
Firefighter,Office of the Mayor,12,72051.74
IT Specialist,Fire Department,22,107377.52
Social Worker,IT Department,29,93425.04
Firefighter,Fire Department,36,108624.39
Engineer,Health Department,24,112122.01
Traffic Engineer,Baltimore City Courts,26,111007.52
Urban Planner,Health Department,13,91238.85
Police Officer,Office of the Mayor,35,110723.44
Urban Planner,Department of Recreation,38,122321.06
Budget Analyst,Office of the Mayor,15,85435.21
Correctional Officer,Department of Social Services,21,88440.22
Librarian,Department of Aging,20,76155.35
HR Specialist,Public Works,20,90730.38
HR Specialist,City Council,7,69367.87
Budget Analyst,Fire Department,15,91515.98
Financial Analyst,Department of Finance,30,121308.78
Firefighter,Fire Department,9,78605.96
Project Manager,Department of Education,31,131401.2
Inspector,Fire Department,33,101262.67
Social Worker,City Council,8,59966.87
Public Health Nurse,Department of Aging,16,89596.82
Firefighter,Baltimore City Courts,10,72222.47
Public Health Nurse,Human Resources,31,107904.93
Traffic Engineer,Human Resources,9,83151.02
Firefighter,Department of Transportation,21,86569.5
Traffic Engineer,Human Resources,16,93648.45
HR Specialist,Department of Social Services,3,66955.5
Inspector,Department of Housing,24,87185.29
Firefighter,Planning Department,20,85592.44
Community Liaison,Planning Department,36,94058.58
Public Health Nurse,Police Department,37,106904.52
Police Officer,Health Department,0,57870.7
HR Specialist,Health Department,24,92783.93
Administrative Officer,Department of Housing,35,96406.69
Inspector,IT Department,16,79767.33
Correctional Officer,Environmental Control Board,23,83416.98
Budget Analyst,Department of Finance,1,73228.4
Data Analyst,Department of Housing,39,125179.57
Administrative Officer,Health Department,14,69596.33
Correctional Officer,Public Works,31,98240.37
Administrative Officer,Department of Housing,38,101130.96
Correctional Officer,Department of Aging,5,65640.88
Community Liaison,Department of Finance,0,50206.54
Budget Analyst,Department of Transportation,22,104711.02
Firefighter,Department of Housing,38,109389.19
Public Health Nurse,Department of Social Services,16,87736.02
Firefighter,Department of Housing,33,104062.9
Legal Counsel,Department of Finance,28,123687.19
Project Manager,Department of Finance,8,99958.8
Project Manager,Fire Department,12,105357.48
Librarian,Public Works,5,58393.06
Project Manager,Baltimore City Courts,5,94998.66
Inspector,Department of Education,19,79763.18
HR Specialist,Department of Housing,2,65031.96
Librarian,Department of Finance,16,71506.22
Project Manager,Police Department,11,99859.44
Librarian,Office of the Mayor,0,57310.5
IT Specialist,Department of Aging,16,91277.31
Data Analyst,Office of the Mayor,2,79429.69
IT Specialist,Department of Aging,25,110331.17
Data Analyst,Department of Finance,14,96322.26
Engineer,Office of the Mayor,35,124252.23
Engineer,Health Department,31,125602.88
Traffic Engineer,Environmental Control Board,31,109018.51
Inspector,Department of Transportation,3,61901.61
Inspector,Environmental Control Board,17,82262.24
Budget Analyst,City Council,18,96720.57
Traffic Engineer,Health Department,34,112588.0
Administrative Officer,Fire Department,39,109735.11
Public Health Nurse,Planning Department,13,82907.53
Police Officer,Department of Aging,32,99463.45
Budget Analyst,IT Department,13,89108.14
Sanitation Worker,Department of Transportation,33,86555.12
Urban Planner,Human Resources,3,77111.84
Financial Analyst,Public Works,23,111386.93
Firefighter,Department of Education,28,91018.11
Correctional Officer,Department of Education,18,74493.6
Financial Analyst,Office of the Mayor,5,86207.73
Legal Counsel,Environmental Control Board,32,136633.71
Sanitation Worker,Human Resources,39,93137.83
HR Specialist,Environmental Control Board,18,91397.47
HR Specialist,Human Resources,0,68603.04
Project Manager,Human Resources,4,95648.84
Librarian,Police Department,26,84219.17
Correctional Officer,Fire Department,15,76846.01
Data Analyst,Planning Department,5,84479.15
Police Officer,Police Department,39,110701.27
IT Specialist,Department of Education,12,93649.44
Correctional Officer,Department of Aging,34,95590.12
Engineer,IT Department,18,99969.87
Community Liaison,City Council,11,66512.21
HR Specialist,Fire Department,15,83471.78
HR Specialist,IT Department,9,75818.63
Financial Analyst,IT Department,24,111995.35
Financial Analyst,Environmental Control Board,19,102314.81
Firefighter,Baltimore City Courts,30,94996.81
Legal Counsel,Environmental Control Board,3,97748.95
Financial Analyst,Office of the Mayor,22,112504.3
Inspector,Department of Finance,1,57693.78
Social Worker,Department of Recreation,21,72318.8
Engineer,Police Department,36,126635.8
HR Specialist,Department of Finance,7,76828.1
Financial Analyst,IT Department,6,84002.37
Project Manager,Office of the Mayor,13,102059.15
HR Specialist,IT Department,2,68190.64
Legal Counsel,City Council,15,120709.72
Traffic Engineer,Police Department,18,93525.36
Public Health Nurse,Office of the Mayor,17,86209.2
Engineer,Department of Transportation,15,104016.1
Inspector,Environmental Control Board,7,72014.02
HR Specialist,Department of Finance,32,101527.7
Budget Analyst,IT Department,11,80335.82
Administrative Officer,Department of Social Services,10,68301.25
Social Worker,Health Department,4,61644.52
Correctional Officer,City Council,26,94535.97
Social Worker,Baltimore City Courts,11,70170.84
Urban Planner,Department of Housing,16,96684.2
Correctional Officer,City Council,5,63213.56
Legal Counsel,Department of Finance,32,140724.51
Community Liaison,Department of Finance,4,53605.57
Data Analyst,IT Department,27,108564.23
Administrative Officer,Department of Education,13,76028.54
Engineer,Public Works,4,85377.29
Sanitation Worker,Baltimore City Courts,32,80857.77
Legal Counsel,Planning Department,18,116958.67
Traffic Engineer,Environmental Control Board,21,101194.79
HR Specialist,IT Department,4,69116.34
Data Analyst,IT Department,1,82181.79
HR Specialist,Human Resources,29,97075.38
Firefighter,Fire Department,38,107792.5
HR Specialist,Baltimore City Courts,3,67519.68
IT Specialist,Department of Aging,32,115726.34
IT Specialist,Department of Transportation,12,94214.48
Correctional Officer,Environmental Control Board,19,83357.79
Urban Planner,Health Department,6,88561.7
Inspector,Health Department,14,78538.26
Administrative Officer,Department of Social Services,22,73867.49
Sanitation Worker,Human Resources,13,63485.58
Budget Analyst,Human Resources,22,98549.41
Public Health Nurse,Department of Aging,18,94408.63
Community Liaison,Department of Education,28,84154.43
Firefighter,Health Department,19,88559.27
Legal Counsel,Department of Recreation,28,129775.01
Public Health Nurse,IT Department,23,102276.39
Budget Analyst,Fire Department,17,91083.76
Police Officer,Office of the Mayor,9,76233.03
Public Health Nurse,Planning Department,7,80879.92
Public Health Nurse,Fire Department,25,98283.42
Librarian,City Council,28,83229.96
Data Analyst,Department of Education,9,86911.94
Project Manager,Baltimore City Courts,16,106952.35
Sanitation Worker,Environmental Control Board,1,50767.69
Engineer,IT Department,5,85495.58
Inspector,Department of Aging,4,60132.09
IT Specialist,Human Resources,27,117988.24
Budget Analyst,IT Department,4,74624.71
Data Analyst,Department of Social Services,17,99000.04
Public Health Nurse,Department of Aging,25,95532.56
Firefighter,Department of Recreation,19,85082.37
Community Liaison,Department of Social Services,26,79042.98
Project Manager,Environmental Control Board,11,98510.73
Data Analyst,Department of Transportation,6,89210.76
HR Specialist,Department of Housing,2,70947.7
Public Health Nurse,Environmental Control Board,9,80477.94
Correctional Officer,Department of Recreation,33,100598.26
Public Health Nurse,Human Resources,24,104509.88
Inspector,Baltimore City Courts,34,103062.23
Firefighter,Department of Aging,15,81439.04
HR Specialist,Office of the Mayor,1,66796.85
Project Manager,IT Department,23,119548.49
IT Specialist,Department of Social Services,9,89708.24
Inspector,IT Department,37,103570.09
Legal Counsel,Department of Social Services,21,121552.67
Urban Planner,Department of Housing,25,103578.41
Budget Analyst,Department of Recreation,38,116502.6
Public Health Nurse,City Council,26,101200.56
Data Analyst,City Council,28,115051.82
Inspector,Office of the Mayor,37,101002.01
Community Liaison,Department of Aging,19,75077.54
Police Officer,Fire Department,26,98575.39
Community Liaison,Baltimore City Courts,19,75157.44
Correctional Officer,Department of Aging,18,77179.76
Urban Planner,Baltimore City Courts,19,92721.96
HR Specialist,Department of Recreation,34,107479.1
Police Officer,Office of the Mayor,1,66762.62
Financial Analyst,City Council,29,119813.13
Public Health Nurse,Department of Finance,33,107498.39
Budget Analyst,Police Department,21,99480.36
Project Manager,Department of Transportation,2,95563.24
Data Analyst,Department of Housing,5,83714.07
Legal Counsel,Department of Recreation,14,113050.79
Project Manager,Baltimore City Courts,26,122345.9
Engineer,Department of Finance,9,93335.59
Police Officer,Baltimore City Courts,8,76193.29
Public Health Nurse,IT Department,32,113267.5
Traffic Engineer,Department of Education,31,113266.61
Administrative Officer,Planning Department,5,56617.23
Budget Analyst,IT Department,35,111938.32
Administrative Officer,Police Department,1,50861.71
Urban Planner,Department of Recreation,28,112470.78
Firefighter,Department of Finance,3,67892.32
Legal Counsel,Department of Transportation,0,93495.89
IT Specialist,Police Department,18,97345.82
Firefighter,Health Department,25,89500.12
Community Liaison,IT Department,24,76885.17
Police Officer,Department of Transportation,9,76128.22
Budget Analyst,Department of Education,14,89027.28
Sanitation Worker,Fire Department,21,77224.3
Correctional Officer,City Council,20,79921.74
Sanitation Worker,Department of Education,21,68675.44
Project Manager,Department of Social Services,35,128529.06
HR Specialist,Department of Housing,33,104530.93
Public Health Nurse,Fire Department,29,102613.97
Engineer,Human Resources,24,112923.97
Correctional Officer,Planning Department,27,89037.9
Budget Analyst,Office of the Mayor,0,74970.72
Urban Planner,Human Resources,3,76839.1
Traffic Engineer,Health Department,6,82067.97
Financial Analyst,Department of Education,8,93751.85
Project Manager,Department of Recreation,35,130305.05
Sanitation Worker,Environmental Control Board,18,70869.64
Firefighter,Department of Social Services,0,62994.46
Urban Planner,Department of Social Services,9,86225.3
Engineer,Fire Department,35,123596.81
Engineer,City Council,8,98289.32
Police Officer,Planning Department,31,108862.05
IT Specialist,Public Works,31,117226.48
IT Specialist,Department of Finance,5,82860.94
Project Manager,Health Department,37,134487.31
Sanitation Worker,Baltimore City Courts,16,70169.58
Budget Analyst,Health Department,9,80954.44
Financial Analyst,Department of Education,26,112813.3
Engineer,Department of Transportation,34,126821.96
Budget Analyst,Department of Finance,20,99609.14
Budget Analyst,Public Works,24,103126.27
Inspector,IT Department,27,94850.6
Financial Analyst,Department of Housing,14,97521.19
Data Analyst,Department of Education,3,82805.76
Legal Counsel,Public Works,28,126434.11
Administrative Officer,Department of Social Services,8,67136.58
Traffic Engineer,Health Department,26,110653.66
IT Specialist,Office of the Mayor,25,111660.09
IT Specialist,Environmental Control Board,18,100497.77
Social Worker,Department of Housing,27,86788.82
IT Specialist,Health Department,16,104619.55
Financial Analyst,Department of Social Services,19,103747.87
Inspector,Department of Transportation,39,109949.98
Public Health Nurse,Department of Finance,38,116616.67
Police Officer,Planning Department,22,90397.59
HR Specialist,Health Department,31,98166.05
Police Officer,Fire Department,32,104034.8
Correctional Officer,Department of Aging,4,63073.3
Police Officer,Environmental Control Board,33,110019.6
HR Specialist,Department of Social Services,39,109219.42
Firefighter,Office of the Mayor,10,80884.31
Financial Analyst,Department of Recreation,2,85536.43
IT Specialist,Public Works,32,119533.49
IT Specialist,Health Department,10,90220.78
Inspector,Planning Department,15,78944.12
Social Worker,Office of the Mayor,17,76819.15
Inspector,Health Department,29,97611.98
Public Health Nurse,Environmental Control Board,9,77865.03
Public Health Nurse,Police Department,17,94620.34
Engineer,Department of Aging,37,130484.25
Social Worker,Environmental Control Board,18,78424.69
Inspector,Baltimore City Courts,35,101337.17
IT Specialist,City Council,12,91615.57
Administrative Officer,Office of the Mayor,2,57618.17
Community Liaison,Police Department,9,61361.89
HR Specialist,Environmental Control Board,37,105243.72
HR Specialist,Public Works,0,67379.86
Police Officer,Health Department,26,99189.57
Community Liaison,Planning Department,7,56211.01
Social Worker,Baltimore City Courts,16,71132.24
Data Analyst,Baltimore City Courts,8,86691.12
Public Health Nurse,Public Works,5,76071.69
Police Officer,Baltimore City Courts,24,93007.49
Budget Analyst,Department of Social Services,38,117417.25
Police Officer,City Council,27,98064.43
Data Analyst,Department of Housing,32,112295.19
Firefighter,Human Resources,36,101440.11
Administrative Officer,Planning Department,8,56433.17
Budget Analyst,Department of Finance,17,95227.64
Administrative Officer,Department of Education,20,79045.68
Police Officer,Department of Aging,1,69343.55
Public Health Nurse,Department of Transportation,37,110986.79
Legal Counsel,Office of the Mayor,39,141873.22
HR Specialist,City Council,35,107644.48
Data Analyst,Environmental Control Board,36,119514.65
Legal Counsel,Office of the Mayor,14,107139.72
Community Liaison,Public Works,27,87637.61
HR Specialist,Environmental Control Board,17,89597.85
IT Specialist,Office of the Mayor,33,118454.2
Budget Analyst,Department of Education,21,98730.68
HR Specialist,Department of Transportation,10,75545.63
Data Analyst,Department of Social Services,12,89413.79
Urban Planner,Department of Finance,3,84081.78
Legal Counsel,Department of Finance,21,115233.89
Firefighter,Environmental Control Board,6,68343.49
Inspector,Department of Education,23,87852.97
Inspector,Department of Finance,3,68553.71
Data Analyst,Health Department,27,113089.77
Data Analyst,Public Works,14,89783.25
Project Manager,Health Department,0,89991.75
Budget Analyst,Department of Housing,2,74463.18
Community Liaison,Department of Housing,13,64914.98
Project Manager,Department of Aging,37,136259.43
Administrative Officer,Department of Transportation,0,50772.68
IT Specialist,Police Department,37,123174.09
Public Health Nurse,Health Department,37,115836.46
Public Health Nurse,Public Works,20,96038.73
IT Specialist,Human Resources,28,114048.26
HR Specialist,Department of Social Services,4,68934.82
Financial Analyst,Department of Recreation,9,92440.18
Project Manager,Health Department,27,124621.22
Urban Planner,Department of Recreation,20,99101.7
Legal Counsel,Department of Education,6,99074.46
IT Specialist,Department of Housing,2,78699.51
Traffic Engineer,Department of Transportation,19,94331.09
Police Officer,Department of Social Services,18,90966.74
HR Specialist,Department of Education,34,108222.39
IT Specialist,Planning Department,3,83280.54
Project Manager,Planning Department,4,93438.62
Urban Planner,Department of Education,0,73278.21
Urban Planner,Office of the Mayor,3,81879.71
Data Analyst,Public Works,11,96913.3
Librarian,Department of Recreation,26,81383.82
Data Analyst,Human Resources,22,107815.25
Budget Analyst,Office of the Mayor,24,100884.04
Budget Analyst,Health Department,20,95362.71
IT Specialist,City Council,23,112112.64
Administrative Officer,Department of Aging,24,83769.5
Correctional Officer,City Council,31,96089.09
Sanitation Worker,Health Department,31,85944.82
Inspector,Department of Aging,4,59923.2
Financial Analyst,Police Department,35,124865.23
IT Specialist,Department of Housing,38,123911.92
Sanitation Worker,Public Works,15,61736.54
Project Manager,Baltimore City Courts,32,126848.59
Police Officer,Department of Aging,20,87423.83
Financial Analyst,City Council,8,94689.65
Budget Analyst,Baltimore City Courts,5,74808.63
Financial Analyst,Planning Department,34,120430.46
Data Analyst,Department of Housing,38,124306.16
Police Officer,Department of Education,21,86222.62
Inspector,Department of Recreation,4,62822.98
IT Specialist,Department of Social Services,22,101406.57
HR Specialist,Department of Finance,16,86960.03
HR Specialist,Department of Aging,11,77295.91
Sanitation Worker,Department of Finance,22,74352.25
Sanitation Worker,Department of Transportation,15,68748.03
Administrative Officer,Department of Finance,2,55233.19
Community Liaison,Environmental Control Board,29,83864.04
Sanitation Worker,Department of Recreation,21,70031.02
Engineer,Human Resources,8,91424.49
Community Liaison,Police Department,28,80838.25
Project Manager,Department of Aging,36,131722.53
Public Health Nurse,Health Department,22,95245.61
Firefighter,Department of Education,12,77265.9
Social Worker,Department of Housing,31,89526.35
Traffic Engineer,Police Department,22,103358.9
Firefighter,Environmental Control Board,16,82655.0
Correctional Officer,Fire Department,39,103396.53
Project Manager,City Council,20,111585.83
Urban Planner,Human Resources,1,76455.24
Inspector,Department of Housing,36,102591.25
Social Worker,Environmental Control Board,5,61661.06
Community Liaison,Environmental Control Board,17,75109.6
Public Health Nurse,Fire Department,29,105005.91
Police Officer,Public Works,21,88282.31
Correctional Officer,Department of Social Services,32,93727.33
Project Manager,Public Works,29,122243.4
Traffic Engineer,Fire Department,16,90811.7
Correctional Officer,Police Department,31,97998.23
Social Worker,Department of Education,13,63900.16
Correctional Officer,Department of Finance,9,70264.31
Community Liaison,Fire Department,35,89395.81
Sanitation Worker,Planning Department,33,86062.78
Correctional Officer,Fire Department,8,64906.04
Community Liaison,Department of Education,27,86737.59
IT Specialist,Fire Department,10,92048.95
Correctional Officer,Planning Department,13,75971.14
Social Worker,Planning Department,38,104501.58
Police Officer,Department of Housing,18,87090.22
Legal Counsel,Department of Recreation,14,108213.13
Inspector,Baltimore City Courts,27,91738.07
Inspector,IT Department,23,85373.26
Correctional Officer,Public Works,7,64889.49
Legal Counsel,Department of Education,8,104316.13
Librarian,Department of Transportation,32,89997.53
IT Specialist,Environmental Control Board,32,119636.33
Inspector,Department of Housing,18,83271.91
Traffic Engineer,Health Department,2,77997.56
Police Officer,Department of Social Services,9,77010.41
Financial Analyst,Baltimore City Courts,39,127151.92
Inspector,IT Department,0,63944.34
HR Specialist,Baltimore City Courts,28,96903.47
Traffic Engineer,Department of Social Services,33,119191.56
Firefighter,Human Resources,12,71971.8
Correctional Officer,IT Department,0,56858.78
Traffic Engineer,Environmental Control Board,33,114607.07
Public Health Nurse,Fire Department,28,104436.98
Inspector,Department of Transportation,12,76985.45
Data Analyst,IT Department,28,107851.81
Police Officer,Department of Recreation,38,107276.05
IT Specialist,Police Department,23,103394.28
Social Worker,Department of Education,25,88960.55
Engineer,Department of Transportation,16,105092.81
Administrative Officer,Public Works,6,58946.89
Administrative Officer,Department of Housing,12,68070.72
Inspector,Department of Aging,4,68345.28
Financial Analyst,City Council,25,111165.64
Firefighter,Department of Finance,2,63388.44
Police Officer,City Council,6,69856.11
Traffic Engineer,Department of Recreation,38,118525.02
Social Worker,Department of Education,0,58549.97
IT Specialist,IT Department,16,104221.7
Police Officer,Human Resources,24,90844.42
Engineer,Health Department,2,91614.83
IT Specialist,Department of Finance,14,95337.83
HR Specialist,IT Department,28,100200.94
Budget Analyst,Human Resources,31,113430.64
Engineer,Baltimore City Courts,25,114564.77
Inspector,Baltimore City Courts,15,77016.17
Police Officer,Planning Department,24,96203.24
HR Specialist,Department of Social Services,27,94070.14
IT Specialist,IT Department,8,93041.18
Firefighter,Department of Aging,0,62428.43
Engineer,Department of Education,28,116866.75
Financial Analyst,Public Works,21,105387.5
Financial Analyst,Department of Recreation,15,95849.61
Project Manager,Fire Department,6,95591.48
Librarian,Department of Housing,13,66807.89
Data Analyst,Planning Department,28,108416.12
Community Liaison,Department of Transportation,18,71463.61
Budget Analyst,Office of the Mayor,18,95018.75
Financial Analyst,Department of Transportation,1,82559.58
Librarian,Department of Aging,14,70788.18
Traffic Engineer,City Council,2,75978.58
Social Worker,IT Department,10,70010.15
Administrative Officer,Public Works,29,90165.44
Social Worker,Police Department,39,106435.77
Police Officer,Police Department,17,92642.65
Inspector,IT Department,1,59789.27
Librarian,Department of Finance,31,87912.81
Inspector,Planning Department,7,67661.27
Data Analyst,City Council,21,104987.11
Traffic Engineer,Department of Finance,5,85977.91
Firefighter,Health Department,11,73241.57
Police Officer,Public Works,39,112943.73
HR Specialist,Department of Social Services,35,106592.22
Budget Analyst,Human Resources,14,90654.33
Community Liaison,Department of Recreation,27,86928.37
Project Manager,City Council,17,109679.02
Administrative Officer,Department of Social Services,1,51190.4
Firefighter,Planning Department,12,78631.71
Engineer,Police Department,14,99301.88
Urban Planner,Office of the Mayor,19,97370.65
Community Liaison,Office of the Mayor,28,85961.09
Budget Analyst,Fire Department,28,106492.18
Budget Analyst,Health Department,2,74094.84
Public Health Nurse,Public Works,18,89872.35
Sanitation Worker,Department of Finance,2,41700.32
Firefighter,Department of Transportation,13,79694.96
Urban Planner,Police Department,39,121041.14
Engineer,Health Department,3,93140.01
Community Liaison,Fire Department,10,63194.08
Urban Planner,Department of Finance,30,109376.62
Correctional Officer,Department of Transportation,31,98400.61
Administrative Officer,Human Resources,26,89653.39
Financial Analyst,Public Works,29,116142.9
Correctional Officer,Department of Aging,1,62780.93
Traffic Engineer,Public Works,8,83934.08
Inspector,Department of Recreation,27,92878.94
Correctional Officer,City Council,30,95714.23
Financial Analyst,Fire Department,33,123954.34
Sanitation Worker,Baltimore City Courts,14,66664.57
IT Specialist,Department of Recreation,24,107802.03
Firefighter,Department of Recreation,35,107281.09
Legal Counsel,Human Resources,7,103026.72
Social Worker,Fire Department,8,62892.92
Sanitation Worker,Department of Transportation,36,89536.99
Project Manager,Department of Recreation,38,141419.97
Financial Analyst,Planning Department,31,116974.05
Data Analyst,Police Department,16,101074.91
Legal Counsel,Department of Transportation,34,132393.6
Firefighter,Fire Department,36,106663.72
Budget Analyst,Human Resources,18,94491.25
Project Manager,Baltimore City Courts,28,128463.68
Public Health Nurse,Department of Aging,6,75236.79
Traffic Engineer,City Council,27,105608.01
Administrative Officer,Planning Department,8,64250.47
Data Analyst,Environmental Control Board,27,115394.41
Sanitation Worker,Department of Finance,5,51347.52
Public Health Nurse,Department of Recreation,28,95834.75
Firefighter,City Council,16,81379.3
Correctional Officer,Baltimore City Courts,15,78848.57
Budget Analyst,Department of Transportation,22,95358.58
Public Health Nurse,Police Department,30,108543.8
Urban Planner,Planning Department,2,74292.27
Administrative Officer,Fire Department,20,78560.32
Public Health Nurse,Fire Department,25,102258.05
IT Specialist,Department of Transportation,35,118437.6
Firefighter,IT Department,36,105744.54
Urban Planner,Baltimore City Courts,21,103844.92
Legal Counsel,Department of Housing,11,109621.8
Social Worker,Public Works,12,67238.12
Administrative Officer,Human Resources,10,71556.16
Legal Counsel,Police Department,15,114975.18
Correctional Officer,IT Department,7,60818.66
Financial Analyst,Department of Transportation,39,131392.73
Firefighter,Health Department,39,107085.88
Project Manager,Baltimore City Courts,1,91789.69
Police Officer,Public Works,29,102824.01
Inspector,Baltimore City Courts,29,93151.19
Data Analyst,Department of Transportation,11,86263.22
Inspector,Department of Social Services,9,75316.64
Project Manager,Department of Social Services,10,105493.75
IT Specialist,Health Department,14,96538.23
Project Manager,Department of Recreation,15,110560.26
Data Analyst,Environmental Control Board,16,96091.84
Correctional Officer,Department of Housing,25,88290.91
Social Worker,Human Resources,1,55767.14
IT Specialist,Department of Transportation,11,92213.17
Engineer,Office of the Mayor,25,116077.91
Firefighter,Baltimore City Courts,22,84775.46
HR Specialist,Department of Aging,17,84645.26
Budget Analyst,Police Department,31,110143.44
Police Officer,Public Works,37,114914.3
Data Analyst,Fire Department,2,76897.4
HR Specialist,Department of Social Services,37,110961.66
Community Liaison,Public Works,2,54290.45
Inspector,Department of Social Services,29,89169.84
Engineer,Health Department,0,86231.6
Community Liaison,IT Department,29,87440.86
Project Manager,Department of Transportation,31,128965.96
Correctional Officer,Department of Social Services,27,90148.22
Legal Counsel,Environmental Control Board,20,119999.72
Project Manager,IT Department,12,104909.53
Firefighter,Department of Social Services,26,88131.63
Sanitation Worker,Public Works,35,90579.96
Firefighter,Planning Department,6,68098.79
Sanitation Worker,Department of Social Services,21,71085.53
Sanitation Worker,Department of Transportation,9,66254.91
IT Specialist,Department of Education,38,129357.85
Correctional Officer,Human Resources,14,71349.48
Police Officer,Office of the Mayor,14,82839.91
Project Manager,Department of Housing,3,97974.08
IT Specialist,Department of Social Services,31,112711.4
Administrative Officer,Human Resources,22,81630.95
Social Worker,Baltimore City Courts,5,61372.22
Engineer,Department of Social Services,23,108776.52
Engineer,Public Works,19,108938.65
Traffic Engineer,Health Department,36,122548.74
Budget Analyst,IT Department,19,99324.14
Urban Planner,Environmental Control Board,11,87451.91
Urban Planner,Human Resources,32,120904.94
Inspector,Police Department,27,86226.1
Public Health Nurse,Department of Social Services,7,79468.65
Firefighter,City Council,0,57763.12
Urban Planner,Department of Transportation,36,118470.55
Inspector,Human Resources,21,83634.28
Budget Analyst,Department of Social Services,5,79520.63
Urban Planner,Human Resources,20,98619.36
Correctional Officer,Health Department,31,92722.05
Correctional Officer,Health Department,34,96519.13
Administrative Officer,IT Department,14,77597.38
Correctional Officer,Fire Department,4,64130.57
HR Specialist,Human Resources,5,65893.61
Urban Planner,Department of Social Services,24,105452.36
Librarian,Human Resources,39,98215.97
Inspector,Planning Department,28,93613.8
IT Specialist,Environmental Control Board,6,89659.66
Correctional Officer,Planning Department,39,108349.68
Budget Analyst,Department of Recreation,12,83823.56
Librarian,Department of Transportation,37,96310.78
Public Health Nurse,City Council,17,88761.67
IT Specialist,Department of Social Services,1,82990.59
Traffic Engineer,Department of Aging,7,83703.09
Urban Planner,Department of Finance,10,87087.75
HR Specialist,Planning Department,32,102589.17
Sanitation Worker,Department of Finance,37,92081.64
Legal Counsel,Department of Transportation,26,131313.95
HR Specialist,Department of Recreation,19,94972.3
Administrative Officer,Police Department,11,69331.28
Librarian,Human Resources,30,87700.09
Social Worker,Human Resources,26,81413.09
Correctional Officer,Health Department,31,92918.75
Social Worker,Department of Transportation,9,65419.79
Financial Analyst,Environmental Control Board,2,82254.81
HR Specialist,Fire Department,26,94370.3
Social Worker,Police Department,34,100526.17
Sanitation Worker,IT Department,30,84086.37
Inspector,Office of the Mayor,14,77154.64
Librarian,Baltimore City Courts,15,67977.43
IT Specialist,IT Department,12,97932.63
Traffic Engineer,Department of Recreation,34,116162.26
Traffic Engineer,Department of Recreation,10,86437.41
Community Liaison,Department of Social Services,20,69257.75
Social Worker,Baltimore City Courts,10,66816.69
Engineer,Baltimore City Courts,29,118143.83
Traffic Engineer,Human Resources,34,121853.74
Administrative Officer,IT Department,21,85731.7
Social Worker,Public Works,37,95694.16
Correctional Officer,Health Department,30,90633.54
Financial Analyst,Department of Housing,13,96771.04
Engineer,Health Department,23,110151.89
Urban Planner,Department of Recreation,31,112852.25
Legal Counsel,Office of the Mayor,35,136020.13
Firefighter,Department of Transportation,31,100041.6
Engineer,Department of Recreation,14,104848.28
Budget Analyst,Fire Department,34,109607.34
Project Manager,Fire Department,2,95385.63
IT Specialist,Human Resources,15,95814.04
Urban Planner,Police Department,4,86245.45
Social Worker,IT Department,20,83862.93
HR Specialist,Public Works,9,75460.76
Correctional Officer,Public Works,18,76709.25
Data Analyst,Department of Aging,24,103335.4
Legal Counsel,Environmental Control Board,3,101220.89
Traffic Engineer,Department of Recreation,28,109508.79
Police Officer,Public Works,18,89380.6
Librarian,IT Department,1,59812.69
Legal Counsel,Department of Education,9,103488.85
Administrative Officer,Police Department,24,80109.59
Urban Planner,Office of the Mayor,19,98377.68
Firefighter,Environmental Control Board,18,87034.28
Engineer,Department of Transportation,22,108578.62
Administrative Officer,IT Department,23,82703.87
Firefighter,Department of Social Services,10,78110.13
Legal Counsel,Department of Transportation,33,129701.37
Legal Counsel,Planning Department,27,128105.95
Traffic Engineer,Office of the Mayor,4,79179.69
Engineer,Environmental Control Board,4,90172.47
Social Worker,Office of the Mayor,20,81129.35
Financial Analyst,Public Works,11,95862.43
Community Liaison,Environmental Control Board,3,50569.33
Correctional Officer,Department of Social Services,19,79296.26
Urban Planner,Environmental Control Board,37,123679.78
Librarian,IT Department,24,81786.8
Urban Planner,City Council,13,93120.96
HR Specialist,Police Department,10,77750.89
Administrative Officer,Department of Housing,31,94627.35
Social Worker,Environmental Control Board,10,65811.56
Community Liaison,Department of Education,17,68097.47
Budget Analyst,City Council,26,105491.09
Police Officer,Human Resources,17,88782.12
Correctional Officer,Human Resources,22,81657.16
Engineer,Department of Finance,10,95272.17
Legal Counsel,Environmental Control Board,20,118510.32
Financial Analyst,Human Resources,4,91659.47
Traffic Engineer,Environmental Control Board,22,104089.41
Data Analyst,Department of Housing,24,102827.74
Traffic Engineer,Human Resources,9,86521.05
Budget Analyst,Department of Housing,21,96462.36
Librarian,Office of the Mayor,18,70080.19
Police Officer,City Council,0,64685.62
Financial Analyst,Department of Social Services,6,88329.89
HR Specialist,City Council,3,67515.1
Sanitation Worker,Office of the Mayor,0,46777.86
HR Specialist,Department of Social Services,14,86214.18
Correctional Officer,Office of the Mayor,39,103708.89
Data Analyst,Police Department,11,91349.01
Urban Planner,IT Department,21,100023.71
Budget Analyst,Department of Recreation,21,95684.95
Budget Analyst,Department of Recreation,16,91438.51
Project Manager,IT Department,28,123796.05
Public Health Nurse,IT Department,13,85839.27
Social Worker,Office of the Mayor,19,75222.3
Financial Analyst,Department of Recreation,32,119781.63
Project Manager,Planning Department,14,109080.97
Legal Counsel,Police Department,11,107660.55
Firefighter,Office of the Mayor,39,109285.35
Social Worker,Department of Housing,19,78301.11
Community Liaison,Department of Finance,29,86052.19
Data Analyst,IT Department,37,124075.95
IT Specialist,Department of Social Services,2,81877.55
Community Liaison,Office of the Mayor,27,79665.99
Inspector,Baltimore City Courts,25,86343.85
Legal Counsel,Environmental Control Board,29,132853.06
Financial Analyst,Baltimore City Courts,12,98710.75
Administrative Officer,Department of Aging,12,71348.09
Project Manager,Department of Aging,1,93633.61
Firefighter,Fire Department,36,104715.33
Sanitation Worker,Health Department,37,90525.37
Correctional Officer,Police Department,1,56258.78
Engineer,Health Department,35,123731.95
Public Health Nurse,Department of Aging,25,103636.48
Budget Analyst,Department of Finance,10,82520.57
Budget Analyst,Baltimore City Courts,7,83564.58
HR Specialist,IT Department,39,111239.34
Correctional Officer,Environmental Control Board,21,81171.28
Sanitation Worker,Police Department,19,67516.91
Engineer,Department of Recreation,7,91635.54
Community Liaison,Baltimore City Courts,28,87854.72
Correctional Officer,Human Resources,39,101547.37
Administrative Officer,Department of Housing,25,91350.24
Engineer,Fire Department,29,117278.18
Traffic Engineer,Human Resources,16,97449.85
Traffic Engineer,Department of Education,19,98364.25
Correctional Officer,Fire Department,15,75038.32
Engineer,City Council,6,88385.74
Engineer,Office of the Mayor,15,102704.82
Public Health Nurse,Department of Education,26,97725.14
Legal Counsel,Department of Social Services,22,116355.27
HR Specialist,Department of Aging,23,92958.8
Sanitation Worker,Human Resources,8,55693.73
Data Analyst,Department of Housing,34,123853.05
Financial Analyst,Department of Transportation,19,107800.07
Budget Analyst,Public Works,36,120292.3
Firefighter,Fire Department,16,79157.35
Project Manager,Public Works,30,126408.41
Sanitation Worker,Department of Transportation,7,48537.99
Engineer,Planning Department,14,100954.59
Sanitation Worker,IT Department,30,84295.5
Engineer,Fire Department,29,120262.14
Firefighter,Environmental Control Board,19,84672.89
Urban Planner,Human Resources,38,120799.78
Administrative Officer,Department of Recreation,11,60060.27
Sanitation Worker,Department of Transportation,16,67968.67
HR Specialist,City Council,29,101250.32
IT Specialist,Police Department,28,117614.08
Budget Analyst,Office of the Mayor,18,94706.21
Project Manager,Baltimore City Courts,10,101607.79
Firefighter,Department of Finance,33,104914.83
HR Specialist,Environmental Control Board,6,65128.0
Public Health Nurse,Public Works,33,108055.15
IT Specialist,City Council,19,100502.57
Budget Analyst,Department of Aging,37,116296.43
Librarian,Health Department,23,73003.92
Traffic Engineer,Department of Transportation,9,90758.91
Public Health Nurse,Office of the Mayor,31,106450.57
Budget Analyst,Human Resources,14,89756.39
Librarian,Public Works,36,95869.27
Legal Counsel,Department of Recreation,19,121587.47
Budget Analyst,Fire Department,2,68814.15
Legal Counsel,Department of Transportation,36,138536.96
Correctional Officer,Department of Transportation,39,108238.53
Traffic Engineer,Department of Recreation,7,84106.04
IT Specialist,Baltimore City Courts,39,123946.19
Legal Counsel,Human Resources,22,119588.33
Inspector,IT Department,39,105621.17
Engineer,City Council,10,94836.85
IT Specialist,Planning Department,7,87941.57
Firefighter,Health Department,28,100124.74
IT Specialist,Police Department,29,113007.91
Legal Counsel,Department of Housing,9,104336.98
Legal Counsel,Fire Department,38,141979.34
Police Officer,Department of Finance,27,96875.54
Public Health Nurse,Department of Housing,35,108012.44
Inspector,Health Department,12,74216.43
Librarian,Department of Finance,31,88903.33
IT Specialist,Police Department,35,124927.04
Police Officer,Police Department,36,105283.54
Librarian,Baltimore City Courts,25,84946.96
Sanitation Worker,Department of Education,21,72906.51
Legal Counsel,Department of Aging,3,95276.17
Project Manager,Department of Transportation,30,122073.67
Legal Counsel,City Council,17,121203.17
